Year,GDP Growth,GDP per Capita,Inflation,Unemployment,Population,Population Growth,Urban Population,Life Expectancy,Access to Electricity,Renewable Energy
1960,,82.0241000071912,6.94736842105289,,45709310,,22.2996984962747,44.101,,
1961,5.98734641929141,87.7778246966181,1.64041994750609,,46921277,2.61692428891528,22.6321270948417,44.956,,
1962,4.48285862750326,89.5039525753413,-0.5164622336985,,48156128,2.59771591436219,22.9342151711049,45.85,,
1963,8.68883151825786,93.6508728613463,1.45648844797496,,49447776,2.64686832380638,23.2081807037649,46.761,,
1964,7.56975744902432,102.45976384531,4.17958688145319,,50799999,2.69792525640101,23.4605166957003,47.831,,
1965,10.4193658220408,113.567206414596,5.56863547936375,,52209010,2.73587504585891,23.6966008113708,48.495,,
1966,5.78995180142022,122.229353754713,7.22762159787735,,53678667,2.77605746573216,23.921810715236,49.797,,
1967,5.4006125972184,135.190474942968,6.81139963428688,,55214768,2.82147937181904,24.1415240717555,50.763,,
1968,7.23322092498739,141.558306459346,0.170627348438101,,56810507,2.84908372808406,24.3611185453889,51.624,,
1969,5.5078996342957,148.528512990071,3.18698679573686,,58460939,2.86375308045611,24.5859718005957,52.316,,
1970,11.3534617181927,166.662061958389,5.34984090983017,,60166719,2.87605370916423,24.8214615018356,52.943,,
1971,0.468372548493363,172.453662202274,4.73069148232272,,61847899,2.75587700704686,25.0729653135682,49.002,,
1972,0.813406404584697,148.073976270617,5.18323764549138,,63583194,2.76710611631107,25.3460347123231,53.824,,
1973,7.06426385694971,97.5136425928243,23.0700840250844,,65461912,2.91192871794029,25.6467662768333,54.09,,
1974,3.54019171278873,132.005156607293,26.6630348537488,,67415487,2.94062916480139,25.9764034338718,54.266,,
1975,4.21141563146435,161.681774899518,20.9045094573998,,69461175,2.98931944120814,26.3266097503112,54.722,,
1976,5.15618958986124,183.859733422347,7.15832373118465,,71620254,3.06099476757709,26.6890303879083,55.069,,
1977,3.94769828741323,204.677762649367,10.1329676874055,,73901827,3.13596391872731,27.0553105084198,55.482,,
1978,8.04853361937855,233.41799161409,6.13869266742743,,76307379,3.20320937214696,27.4170952736025,56.072,,
1979,3.75843556852186,249.229389957057,8.26704697617572,,78997039,3.46407267837998,27.7660298452131,56.614,,
1980,10.2157040372755,287.448707270022,11.9382309107087,,82291010,4.08514964566703,28.0937593850085,57.199,,
1981,7.92076357199696,327.505069961745,11.8799135925283,,85802049,4.17810201190455,28.3941608544266,57.764,,
1982,6.53748679998847,344.889792466995,5.90352878435863,,89089246,3.75957440174228,28.6799902302499,58.291,,
1983,6.77837833870171,311.098361356703,6.362033499853,,92227711,3.46220072057645,28.9594375727595,58.663,,
1984,5.06520560476402,327.345625152291,6.08716673573716,,95164936,3.13509160725294,29.2322435401049,58.921,,
1985,7.59211469875896,317.063499386432,5.61483921793224,,98229285,3.1692834201536,29.498826604215,59.075,,
1986,5.50165366386253,313.946324043906,3.50641424758205,,101606764,3.38057189066263,29.7596052370187,59.167,,
1987,6.45234302466982,317.23867416111,4.68121854620213,,105130717,3.40943919604165,30.014997910445,59.222,,
1988,7.62527877959378,353.85454278549,8.83793701817773,,108724739,3.36148582370259,30.2654230964229,59.36,,
1989,4.95976889440439,357.595796105007,7.84426473740044,,112336629,3.26806216038551,30.5112992668812,59.528,,
1990,4.45858681510218,344.45547384189,9.05213155279776,,116155576,3.34304854189447,30.753044893749,59.728,,57.5
1991,5.06156775897861,380.019843346229,11.7912703351416,0.596,120060406,3.30645345087216,30.9910784489553,59.864,,58.1
1992,7.70589781716029,395.67720859593,9.5090414619015,0.587,123546848,2.86254207102062,31.2258184044289,59.983,,56.0
1993,1.7577476978468,407.888140688466,9.97366476029209,0.596,127020117,2.7725055318492,31.4576832320988,60.083,,54.1
1994,3.73741555767747,399.955927561352,12.3681943936948,0.601,130748083,2.89269657804833,31.6870914038941,60.197,,54.2
1995,4.96260914623281,450.550279346206,12.3435785170513,0.611,134582253,2.89031173222832,31.9144613917436,60.273,,53.1
1996,4.84658128681654,456.996961832943,10.3738085885002,0.6,138557092,2.9106898704011,32.1402116675762,60.466,,52.2
1997,1.01439601077892,438.030942680153,11.3754928865122,0.611,142531804,2.82827034753681,32.3647607033211,60.623,,51.9
1998,2.55023429817393,424.453697798497,6.22800415424543,0.62,146522356,2.76128567260809,32.5871723893723,61.134,70.46,51.6
1999,3.66013273943236,418.249257055367,4.14263718082171,0.625,150565377,2.7219371038823,32.8015812487933,61.54,70.2653503417969,50.2
2000,4.2600880111325,642.338346499898,4.36666451291681,0.614,154879127,2.82475983542412,33.0046884491535,61.903,72.8,51.0
2001,3.65135017083765,609.939506905073,3.14826144590618,0.611,159270907,2.79615830892104,33.1988471664032,62.241,73.9,51.5
2002,2.59481668445784,599.937345723927,3.29034472613153,0.615,163222549,2.45080308981688,33.3857078542752,62.556,74.9,51.4
2003,5.40131087314342,672.44178669894,2.91413470059479,0.612,167110248,2.35391613887513,33.5669209665019,62.834,76.0,50.1
2004,7.83125556961251,771.902247348954,7.44462469342739,0.598,171286000,2.4680911760913,33.7441369568158,63.097,77.0,47.9
2005,7.2765744364722,827.619861189926,9.06332737030417,0.583,175453212,2.40377350441569,33.9190062789495,62.416,78.1,48.0
2006,6.05163767569996,900.873564984808,7.92108440058789,0.582,179682690,2.3820052866049,34.0931793866356,63.624,79.1,47.0
2007,4.4448143398844,998.090114197524,7.59868441050774,0.398,184493231,2.6420312522935,34.2683067336065,63.807,80.2,44.9
2008,2.1204410433083,1067.04324565284,20.2861210929554,0.423,189499113,2.67715693120755,34.4460387735948,64.002,81.4,46.6
2009,3.47255059567348,963.788066395225,13.6477650639761,0.535,194376534,2.5412831091032,34.6280259603331,64.206,82.5,46.4
2010,1.50171752152883,987.304571124485,12.9388705634889,0.653,199239047,2.47081701538021,34.8159187475539,64.378,87.1,47.4
2011,2.68011685421705,1131.73513834324,11.9160927116277,0.796,203746065,2.23690940334662,35.0113675889897,64.659,87.8,46.8
2012,3.02758391088629,1204.36475491585,9.68235186055684,3.667,207667125,1.90619981284679,35.2160229383731,64.883,88.6,47.2
2013,4.36686504978387,1225.4340119198,7.69215611899565,2.954,211073978,1.62722414834854,35.4315352494366,65.129,89.3,48.1
2014,4.11642817161422,1266.61340849959,7.18938402847028,1.827,214264647,1.50032405388564,35.6595549759128,65.374,90.1,47.2
2015,4.21794209572506,1380.47020838317,2.52932817254229,3.566,217290883,1.40250113589189,35.9017325715342,65.641,91.0,45.9
2016,6.57383828511043,1424.69161195897,3.7651191635658,2.285,220138869,1.30216393815952,36.1597184900333,65.943,91.8,43.7
2017,4.43262590683975,1519.23459514248,4.08537368032608,3.204,223273967,1.41409990353131,36.4351548223399,66.223,92.7,42.1
2018,6.15170261099519,1569.33814626355,5.07805725868917,4.083,226928892,1.62371483290292,36.7478511550359,66.481,93.4,43.4
2019,2.49763692943365,1390.41690981745,10.5780305672025,4.83,230800899,1.69187124669657,37.1091631735769,66.729,93.9,45.9
2020,-1.27408744338709,1278.39735206896,9.74011619320125,5.994,235001746,1.80375141301202,37.5080192948099,65.701,94.5,42.7
2021,6.51388575852702,1455.31922370186,9.49641577285205,6.338,239477801,1.8867779716011,37.9333395514173,65.773,94.9,41.6
2022,4.7781068690358,1538.3228133171,19.8738599646655,5.291,243700667,1.74799739792983,38.3740439760816,67.417,95.0,
2023,-0.414935997088406,1360.32417758419,30.7681280657005,5.237,247504495,1.54880458608849,38.8191861872791,67.649,95.6,
2024,3.08176295579301,1479.47755241191,12.6325318530452,5.492,251269164,1.50959876314033,39.1734368360905,67.799,95.7,
2025,3.69842668749033,1595.90912252837,3.54555214890893,5.42,255219554,1.55994397009632,39.5256010979606,,,
