,count,mean,std,min,25%,50%,75%,max
Year,66.0,1992.5,19.196353820452465,1960.0,1976.25,1992.5,2008.75,2025.0
GDP Growth,65.0,4.9369251667789396,2.494733624486016,-1.27408744338709,3.65135017083765,4.84658128681654,6.53748679998847,11.3534617181927
GDP per Capita,66.0,607.6008686323652,492.5394114503004,82.0241000071912,189.064240729102,397.816568078641,995.3937284292642,1595.90912252837
Inflation,66.0,8.56480080937345,5.935094297404945,-0.5164622336985,4.693586780232278,7.336123145652371,10.526975072526925,30.7681280657005
Unemployment,35.0,2.075857142857143,2.0398303583279427,0.398,0.599,0.62,3.6165,6.338
Population,66.0,134438419.3030303,66307067.10833114,45709310.0,72190647.25,125283482.5,193157178.75,255219554.0
Population Growth,65.0,2.6458802672735455,0.6616999086166522,1.30216393815952,2.3820052866049,2.76710611631107,2.98931944120814,4.17810201190455
Urban Population,66.0,30.860130663243634,4.825281468614138,22.2996984962747,26.780600418036176,31.341750818263847,34.58252916364852,39.5256010979606
Life Expectancy,65.0,59.01729230769231,6.182456433639153,44.101,55.069,59.983,64.002,67.799
Access to Electricity,27.0,85.11205001265915,8.655883970335944,70.2653503417969,77.55,87.8,93.05000000000001,95.7
Renewable Energy,32.0,48.928125,4.358102159826439,41.6,46.275,47.95,51.675,58.1
